{
    "total_ret": [
        -0.00301254641168347,
        -0.002281846168268764,
        0.006192991075016918,
        -0.004772504425599067,
        -0.006841297579298411,
        -0.00787248374294569,
        -0.0033012292536972465,
        0.0028795254538191983,
        -0.004558266763538654,
        -0.002603940955332784,
        0.004095889971621247,
        0.0023801256048030517,
        0.001656504849323337,
        0.0021849214817148965,
        0.0033510225873860655,
        0.001842447483108689,
        -0.0030322092280974378,
        -0.0024136147278462916,
        0.002799745996072467,
        -0.003268783707426004,
        0.002721592103752446,
        0.0021664628557584997,
        -0.0024807477012499524,
        -0.0022287729442282966,
        0.0015434025180838251,
        0.001537312856956241,
        -0.001951720376452748,
        0.00896924487221784,
        -0.0066637498096508985,
        -0.008794406851066028,
        -0.006469943001604306,
        -0.006455860317052808,
        -0.0046909280829583455,
        -0.004433423666662439,
        -0.007452548312063989,
        -0.00453353394513567,
        -0.01992839251196654,
        0.02313048580943944,
        -0.020234133961777978,
        -0.015497531095991501,
        -0.007784433786166556,
        0.006572703529670543,
        -0.007402881145353479,
        0.005593749597596509,
        0.006978218138955272,
        -0.007800969104946542,
        0.004861996360101428,
        -0.0044130671738511484,
        -0.004150671546470974
    ],
    "long_entries": [
        [
            215,
            123278.01
        ],
        [
            279,
            121883.94
        ],
        [
            354,
            122793.51
        ],
        [
            368,
            123371.43
        ],
        [
            380,
            122919.74
        ],
        [
            384,
            121912.0
        ],
        [
            393,
            121291.25
        ],
        [
            403,
            120808.0
        ],
        [
            407,
            121326.86
        ],
        [
            416,
            120763.15
        ],
        [
            418,
            119720.0
        ],
        [
            421,
            120249.9
        ],
        [
            428,
            120615.28
        ],
        [
            435,
            120649.54
        ],
        [
            446,
            120959.99
        ],
        [
            470,
            121370.95
        ],
        [
            486,
            121617.7
        ],
        [
            529,
            121245.63
        ],
        [
            538,
            121068.0
        ],
        [
            545,
            121470.34
        ],
        [
            551,
            121057.69
        ],
        [
            554,
            121262.0
        ],
        [
            573,
            121528.0
        ],
        [
            589,
            121291.07
        ],
        [
            597,
            121115.31
        ],
        [
            606,
            121289.32
        ],
        [
            610,
            121605.71
        ],
        [
            622,
            121300.0
        ],
        [
            667,
            122288.56
        ],
        [
            670,
            121710.33
        ],
        [
            683,
            120146.32
        ],
        [
            688,
            119399.99
        ],
        [
            690,
            119279.1
        ],
        [
            696,
            119199.0
        ],
        [
            699,
            119128.32
        ],
        [
            707,
            118205.67
        ],
        [
            718,
            117688.31
        ]
    ],
    "short_entries": [
        [
            754,
            114669.36
        ],
        [
            760,
            108993.16
        ],
        [
            762,
            111156.53
        ],
        [
            765,
            112942.26
        ],
        [
            789,
            113172.32
        ],
        [
            794,
            111620.31
        ],
        [
            801,
            112834.52
        ],
        [
            842,
            112569.99
        ],
        [
            847,
            111996.57
        ],
        [
            851,
            112677.59
        ],
        [
            990,
            111564.58
        ],
        [
            1048,
            110785.01
        ]
    ],
    "exits": [
        [
            221,
            122906.66
        ],
        [
            314,
            121605.85
        ],
        [
            367,
            123554.0
        ],
        [
            379,
            122782.67
        ],
        [
            383,
            122078.84
        ],
        [
            392,
            120952.28
        ],
        [
            402,
            120890.87
        ],
        [
            406,
            121155.9
        ],
        [
            415,
            120773.85
        ],
        [
            417,
            120448.72
        ],
        [
            420,
            120210.39
        ],
        [
            427,
            120536.14
        ],
        [
            434,
            120815.11
        ],
        [
            445,
            120913.18
        ],
        [
            469,
            121365.36
        ],
        [
            482,
            121594.6
        ],
        [
            528,
            121248.96
        ],
        [
            537,
            120953.02
        ],
        [
            544,
            121406.99
        ],
        [
            550,
            121073.31
        ],
        [
            553,
            121387.19
        ],
        [
            572,
            121524.74
        ],
        [
            588,
            121226.55
        ],
        [
            596,
            121020.77
        ],
        [
            605,
            121302.27
        ],
        [
            609,
            121475.81
        ],
        [
            621,
            121368.4
        ],
        [
            666,
            122388.0
        ],
        [
            669,
            121473.69
        ],
        [
            682,
            120639.99
        ],
        [
            687,
            119369.01
        ],
        [
            689,
            118629.19
        ],
        [
            695,
            118719.6
        ],
        [
            698,
            118670.57
        ],
        [
            706,
            118240.54
        ],
        [
            717,
            117669.81
        ],
        [
            753,
            115343.0
        ],
        [
            757,
            112017.03
        ],
        [
            761,
            111198.57
        ],
        [
            764,
            112879.21
        ],
        [
            785,
            113821.48
        ],
        [
            793,
            112428.5
        ],
        [
            798,
            112446.65
        ],
        [
            803,
            112203.38
        ],
        [
            846,
            111784.48
        ],
        [
            850,
            112870.28
        ],
        [
            855,
            112129.78
        ],
        [
            997,
            112056.95
        ],
        [
            1062,
            111244.87
        ]
    ]
}