{
    "total_ret": [
        0.003159896291686004,
        -0.0033509499807946597,
        0.002987982785593757,
        -0.0028287805575317737,
        -0.004033313223923196,
        -0.0014987542760693806,
        -0.0018043527519895353,
        -0.0025850323883747084,
        0.0032829579130886355,
        -0.001783576764844419,
        0.0013265306057527182,
        0.0014740078692522252,
        -0.003962121344950775,
        0.003859468611210559,
        0.005061135007057405,
        -0.005438331879250136,
        0.0012894938340459738,
        0.0015806034681261627,
        -0.00132142945648428,
        -0.001296828968599284,
        0.0018982539525277398,
        -0.0017421759270201953,
        -0.0017687607736729394,
        0.0020489458421956153,
        -0.0016707096406414212,
        -0.0013429254996391027,
        0.0017731327099241856,
        0.0013277611107105347,
        -0.0012484221074551272,
        0.0008343024563256529
    ],
    "long_entries": [],
    "short_entries": [
        [
            81,
            114835.61
        ],
        [
            91,
            114576.84
        ],
        [
            95,
            114916.54
        ],
        [
            102,
            114544.51
        ],
        [
            113,
            114747.15
        ],
        [
            139,
            114949.61
        ],
        [
            173,
            115360.54
        ],
        [
            213,
            115155.67
        ],
        [
            363,
            115416.88
        ],
        [
            466,
            116592.01
        ],
        [
            487,
            116890.77
        ],
        [
            490,
            116742.35
        ],
        [
            703,
            115647.89
        ],
        [
            710,
            115919.81
        ],
        [
            717,
            115525.22
        ],
        [
            723,
            115040.99
        ],
        [
            846,
            117495.2
        ],
        [
            851,
            117309.17
        ],
        [
            862,
            117025.32
        ],
        [
            878,
            117170.94
        ],
        [
            886,
            117302.15
        ],
        [
            891,
            117198.64
        ],
        [
            956,
            117602.42
        ],
        [
            959,
            117791.98
        ],
        [
            968,
            117393.59
        ],
        [
            1077,
            117162.62
        ],
        [
            1081,
            117356.86
        ],
        [
            1785,
            115660.02
        ],
        [
            1862,
            115482.65
        ],
        [
            1864,
            115628.19
        ],
        [
            1905,
            115270.45
        ]
    ],
    "exits": [
        [
            90,
            114472.77
        ],
        [
            94,
            114960.81
        ],
        [
            101,
            114573.2
        ],
        [
            112,
            114868.56
        ],
        [
            137,
            115209.99
        ],
        [
            147,
            115121.92
        ],
        [
            185,
            115568.72
        ],
        [
            226,
            115453.38
        ],
        [
            374,
            115038.0
        ],
        [
            472,
            116799.99
        ],
        [
            489,
            116735.74
        ],
        [
            510,
            116570.3
        ],
        [
            709,
            116106.13
        ],
        [
            716,
            115472.45
        ],
        [
            722,
            114940.56
        ],
        [
            726,
            115666.65
        ],
        [
            850,
            117343.72
        ],
        [
            861,
            117123.78
        ],
        [
            877,
            117179.99
        ],
        [
            885,
            117322.92
        ],
        [
            890,
            117079.51
        ],
        [
            945,
            117402.85
        ],
        [
            958,
            117810.46
        ],
        [
            967,
            117550.66
        ],
        [
            975,
            117589.75
        ],
        [
            1080,
            117319.99
        ],
        [
            1093,
            117148.8
        ],
        [
            1824,
            115506.48
        ],
        [
            1863,
            115626.85
        ],
        [
            1873,
            115531.75
        ]
    ]
}