{
    "total_ret": [
        -0.004786445844296994,
        -0.003962121344950775,
        0.0032427164596279257,
        -0.002962751715662515,
        -0.003075408245386102
    ],
    "long_entries": [],
    "short_entries": [
        [
            386,
            115158.74
        ],
        [
            703,
            115647.89
        ],
        [
            742,
            115788.37
        ],
        [
            796,
            116287.45
        ],
        [
            803,
            116498.61
        ]
    ],
    "exits": [
        [
            400,
            115709.97
        ],
        [
            709,
            116106.13
        ],
        [
            750,
            115412.93
        ],
        [
            802,
            116632.01
        ],
        [
            806,
            116856.92
        ]
    ]
}