{
    "total_ret": [
        -0.003656872011390977,
        -0.003215818187203512,
        -0.0038380427826502084,
        0.0032683739264206535,
        0.004287927083021836,
        0.0027626495762060888,
        0.0029334103431527536,
        -0.002163854873862947,
        -0.003209422907041626,
        -0.006595035524944004,
        0.005684707105166886,
        -0.0053724327307870245,
        0.005548465842458716,
        -0.007911384352210504,
        0.006469943001604306,
        0.006455860317052808,
        0.0046909280829583455,
        0.004433423666662439,
        0.007452548312063878,
        0.004533533945135559,
        0.01992839251196654,
        -0.02313048580943944,
        0.027238265130323347,
        0.01549753109599128,
        0.007784433786166556,
        -0.00823218353353472,
        -0.011000249996721667,
        0.00829540339953927,
        -0.005593749597596509,
        -0.005226765863755367,
        0.008507292086554097,
        0.007197641473973393,
        -0.007424766089377255,
        -0.007317195186861802,
        -0.003977470145568263,
        0.003434702344498497,
        0.004382187920735525,
        -0.005473876435969527,
        -0.0041659391279884606,
        -0.005570975724697336,
        -0.006587103412110551,
        0.006113642281550646,
        -0.004704187875438803,
        0.003389045139384095
    ],
    "long_entries": [
        [
            59,
            122914.37
        ],
        [
            127,
            122704.79
        ],
        [
            383,
            122078.84
        ],
        [
            392,
            120952.28
        ],
        [
            636,
            121602.0
        ],
        [
            754,
            114669.36
        ],
        [
            758,
            108250.0
        ],
        [
            762,
            111156.53
        ],
        [
            765,
            112942.26
        ],
        [
            786,
            114111.68
        ],
        [
            790,
            112861.79
        ],
        [
            795,
            112110.49
        ],
        [
            801,
            112834.52
        ],
        [
            804,
            112199.0
        ],
        [
            812,
            111399.95
        ],
        [
            820,
            112212.0
        ],
        [
            824,
            113228.9
        ],
        [
            829,
            112328.27
        ],
        [
            882,
            110690.35
        ],
        [
            896,
            111474.59
        ],
        [
            991,
            111568.01
        ],
        [
            998,
            112044.52
        ],
        [
            1022,
            111410.11
        ],
        [
            1053,
            110953.2
        ],
        [
            1081,
            110327.31
        ],
        [
            1091,
            109815.45
        ],
        [
            1109,
            110545.65
        ],
        [
            1112,
            110093.66
        ]
    ],
    "short_entries": [
        [
            0,
            121100.66
        ],
        [
            7,
            121545.9
        ],
        [
            108,
            122369.87
        ],
        [
            207,
            123385.45
        ],
        [
            217,
            123072.0
        ],
        [
            323,
            121495.93
        ],
        [
            332,
            121732.0
        ],
        [
            343,
            122267.61
        ],
        [
            363,
            123090.0
        ],
        [
            683,
            120146.32
        ],
        [
            688,
            119399.99
        ],
        [
            690,
            119279.1
        ],
        [
            696,
            119199.0
        ],
        [
            699,
            119128.32
        ],
        [
            707,
            118205.67
        ],
        [
            718,
            117688.31
        ]
    ],
    "exits": [
        [
            6,
            121543.54
        ],
        [
            27,
            121936.8
        ],
        [
            84,
            122442.65
        ],
        [
            116,
            121969.95
        ],
        [
            132,
            123230.97
        ],
        [
            216,
            123044.61
        ],
        [
            227,
            122711.01
        ],
        [
            331,
            121758.86
        ],
        [
            342,
            122122.72
        ],
        [
            362,
            123074.0
        ],
        [
            382,
            122390.3
        ],
        [
            391,
            121423.01
        ],
        [
            395,
            121623.41
        ],
        [
            682,
            120639.99
        ],
        [
            687,
            119369.01
        ],
        [
            689,
            118629.19
        ],
        [
            695,
            118719.6
        ],
        [
            698,
            118670.57
        ],
        [
            706,
            118240.54
        ],
        [
            717,
            117669.81
        ],
        [
            753,
            115343.0
        ],
        [
            757,
            112017.03
        ],
        [
            761,
            111198.57
        ],
        [
            764,
            112879.21
        ],
        [
            785,
            113821.48
        ],
        [
            789,
            113172.32
        ],
        [
            794,
            111620.31
        ],
        [
            800,
            113040.52
        ],
        [
            803,
            112203.38
        ],
        [
            806,
            111612.59
        ],
        [
            819,
            112347.69
        ],
        [
            823,
            113019.69
        ],
        [
            828,
            112388.23
        ],
        [
            875,
            111506.37
        ],
        [
            886,
            110250.11
        ],
        [
            907,
            111857.5
        ],
        [
            997,
            112056.95
        ],
        [
            1021,
            111431.23
        ],
        [
            1031,
            110946.01
        ],
        [
            1080,
            110335.11
        ],
        [
            1090,
            109600.6
        ],
        [
            1108,
            110486.85
        ],
        [
            1111,
            110025.65
        ],
        [
            1116,
            110466.8
        ]
    ]
}