{
    "total_ret": [
        0.003656872011390977,
        0.0029424012800945976,
        0.007167370265963147,
        -0.004001882512709054,
        -0.0027626495762060888,
        0.0028209322656385094,
        -0.0055267542779628975,
        -0.004584267578240042,
        -0.0053724327307870245,
        0.008660908957097035,
        -0.008794406851066028,
        -0.022922680610851676,
        -0.02191723675804913,
        0.027238265130323347,
        -0.007784433786166556,
        -0.00823218353353472,
        -0.011000249996721667,
        0.00829540339953927,
        -0.006889602795221106,
        0.007197641473973393,
        0.0037757957652140295,
        -0.007633029475026865,
        -0.0048538204162758,
        0.0073168147038693565,
        0.0030558837033720643,
        0.0023442565742635146,
        -0.004708783841992581,
        -0.005903859165217518,
        0.0032479852890519023,
        -0.00419922221215685,
        -0.0029482570197183477,
        0.0027391487283383587,
        0.0024226095521158175,
        -0.003010241357344401
    ],
    "long_entries": [
        [
            0,
            121100.66
        ],
        [
            93,
            122255.33
        ],
        [
            103,
            122459.99
        ],
        [
            207,
            123385.45
        ],
        [
            322,
            121293.09
        ],
        [
            372,
            123348.1
        ],
        [
            383,
            122078.84
        ],
        [
            630,
            121337.08
        ],
        [
            670,
            121710.33
        ],
        [
            710,
            118048.97
        ],
        [
            756,
            114527.12
        ],
        [
            758,
            108250.0
        ],
        [
            786,
            114111.68
        ],
        [
            790,
            112861.79
        ],
        [
            795,
            112110.49
        ],
        [
            809,
            111805.83
        ],
        [
            820,
            112212.0
        ],
        [
            831,
            112066.94
        ],
        [
            862,
            112364.02
        ],
        [
            878,
            111175.86
        ],
        [
            887,
            110236.8
        ],
        [
            899,
            111516.69
        ],
        [
            967,
            112044.87
        ],
        [
            1017,
            111958.39
        ],
        [
            1074,
            110799.99
        ],
        [
            1087,
            109761.11
        ],
        [
            1106,
            110279.34
        ],
        [
            1120,
            110990.21
        ],
        [
            1127,
            110808.96
        ],
        [
            1165,
            111595.38
        ],
        [
            1183,
            111658.1
        ],
        [
            1187,
            111267.08
        ]
    ],
    "short_entries": [
        [
            62,
            122978.01
        ],
        [
            358,
            122750.01
        ],
        [
            765,
            112942.26
        ]
    ],
    "exits": [
        [
            6,
            121543.54
        ],
        [
            82,
            122616.19
        ],
        [
            95,
            123131.61
        ],
        [
            116,
            121969.95
        ],
        [
            216,
            123044.61
        ],
        [
            324,
            121635.28
        ],
        [
            366,
            123428.45
        ],
        [
            379,
            122782.67
        ],
        [
            391,
            121423.01
        ],
        [
            666,
            122388.0
        ],
        [
            682,
            120639.99
        ],
        [
            753,
            115343.0
        ],
        [
            757,
            112017.03
        ],
        [
            761,
            111198.57
        ],
        [
            785,
            113821.48
        ],
        [
            789,
            113172.32
        ],
        [
            794,
            111620.31
        ],
        [
            800,
            113040.52
        ],
        [
            813,
            111035.56
        ],
        [
            823,
            113019.69
        ],
        [
            841,
            112490.11
        ],
        [
            875,
            111506.37
        ],
        [
            883,
            110636.26
        ],
        [
            891,
            111043.41
        ],
        [
            907,
            111857.5
        ],
        [
            973,
            112307.56
        ],
        [
            1021,
            111431.23
        ],
        [
            1083,
            110145.87
        ],
        [
            1101,
            110117.64
        ],
        [
            1113,
            109816.28
        ],
        [
            1125,
            110663.01
        ],
        [
            1130,
            111112.51
        ],
        [
            1167,
            111865.76
        ],
        [
            1186,
            111322.01
        ]
    ]
}