{
    "total_ret": [
        0.0038320648031485716,
        0.004436634107230608,
        -0.002377464339140989,
        0.002759680728400271,
        0.0032427164596279257,
        0.003201214536674435,
        -0.0012228003833536505
    ],
    "long_entries": [
        [
            383,
            114950.01
        ],
        [
            534,
            116695.38
        ],
        [
            791,
            116178.05
        ]
    ],
    "short_entries": [
        [
            371,
            115480.5
        ],
        [
            689,
            115791.97
        ],
        [
            742,
            115788.37
        ],
        [
            1267,
            115947.77
        ]
    ],
    "exits": [
        [
            374,
            115038.0
        ],
        [
            398,
            115460.03
        ],
        [
            543,
            116417.97
        ],
        [
            716,
            115472.45
        ],
        [
            750,
            115412.93
        ],
        [
            798,
            116549.99
        ],
        [
            1275,
            116089.58
        ]
    ]
}