{
    "total_ret": [
        0.003656872011390977,
        0.002413283205860761,
        0.0037473461164381217,
        -0.003656306297218803,
        -0.0041610453710060336,
        -0.005339386812469149,
        -0.003366596634547525,
        0.0015495115033934415,
        -0.002826232430265918,
        0.0028209322656385094,
        0.006595035524944004,
        -0.004584267578240042,
        -0.005085056927081277,
        -0.003268013262292535,
        -0.0031536243258685204,
        -0.002603940955332784,
        0.0024467066324160847,
        -0.00213607969055718,
        0.0024122271879329915,
        0.0019115031784981973,
        0.003151984478772629,
        0.0021494395282535272,
        -0.003482707147076769,
        0.002799745996072467,
        -0.003268783707426004,
        -0.002119446056407681,
        -0.0027327059534958398,
        0.0018909379828540018,
        0.0020229602912167355,
        0.00896924487221784,
        -0.0066637498096508985,
        -0.008794406851066028,
        -0.004997393418093687,
        -0.003704481163300022,
        -0.004897618008934179,
        -0.004827104286334372,
        -0.019659251000799016,
        0.02313048580943944,
        0.027238265130323347,
        -0.017736303309273227,
        0.012373022172594172,
        -0.009794148273488346,
        0.008751312256290111,
        0.00829540339953927,
        0.005593749597596509,
        0.007197641473973393,
        0.0050741678567569615,
        0.006978218138955272,
        -0.007800969104946542,
        0.004861996360101428,
        -0.005483007949230734,
        -0.004898978712527091,
        -0.004985034814106615,
        -0.0044130671738511484,
        0.005473876435969416,
        0.004165939127988572,
        -0.002798297161248353,
        -0.004150671546470974,
        -0.006128287617276129,
        0.0032479852890519023,
        0.002978572785193534
    ],
    "long_entries": [
        [
            0,
            121100.66
        ],
        [
            14,
            121643.21
        ],
        [
            40,
            122531.85
        ],
        [
            63,
            122891.95
        ],
        [
            98,
            122971.65
        ],
        [
            104,
            122624.66
        ],
        [
            209,
            123460.22
        ],
        [
            258,
            122057.46
        ],
        [
            297,
            121950.48
        ],
        [
            322,
            121293.09
        ],
        [
            343,
            122267.61
        ],
        [
            372,
            123348.1
        ],
        [
            381,
            122702.76
        ],
        [
            397,
            121355.15
        ],
        [
            406,
            121155.9
        ],
        [
            416,
            120763.15
        ],
        [
            422,
            120320.86
        ],
        [
            431,
            120777.39
        ],
        [
            438,
            120548.26
        ],
        [
            444,
            120847.16
        ],
        [
            449,
            120983.99
        ],
        [
            472,
            121333.77
        ],
        [
            501,
            121672.68
        ],
        [
            538,
            121068.0
        ],
        [
            545,
            121470.34
        ],
        [
            552,
            121324.28
        ],
        [
            576,
            121700.01
        ],
        [
            602,
            121246.51
        ],
        [
            614,
            121509.83
        ],
        [
            622,
            121300.0
        ],
        [
            667,
            122288.56
        ],
        [
            670,
            121710.33
        ],
        [
            686,
            119968.51
        ],
        [
            693,
            119161.0
        ],
        [
            700,
            119166.02
        ],
        [
            706,
            118240.54
        ],
        [
            719,
            117656.0
        ],
        [
            758,
            108250.0
        ],
        [
            767,
            113210.93
        ],
        [
            788,
            113978.08
        ],
        [
            795,
            112110.49
        ],
        [
            820,
            112212.0
        ],
        [
            832,
            111922.17
        ],
        [
            868,
            112670.02
        ],
        [
            873,
            112064.99
        ],
        [
            1076,
            110825.01
        ],
        [
            1087,
            109761.11
        ]
    ],
    "short_entries": [
        [
            754,
            114669.36
        ],
        [
            763,
            111771.97
        ],
        [
            791,
            112605.73
        ],
        [
            801,
            112834.52
        ],
        [
            842,
            112569.99
        ],
        [
            847,
            111996.57
        ],
        [
            851,
            112677.59
        ],
        [
            856,
            112013.67
        ],
        [
            990,
            111564.58
        ],
        [
            998,
            112044.52
        ],
        [
            1022,
            111410.11
        ],
        [
            1046,
            110375.1
        ],
        [
            1048,
            110785.01
        ],
        [
            1156,
            111928.74
        ]
    ],