{
    "total_ret": [
        0.0024018757354125064,
        0.0023236042887411212,
        0.004069770890973157,
        -0.002377464339140989,
        0.0012463607646444608,
        0.0015013634733266334,
        0.002759680728400271,
        -0.00259505543211902,
        0.0033453185068231805,
        0.003262527013013994,
        -0.002071865289820618,
        0.0015701668074367126,
        -0.0017965957532737331,
        -0.0014422974134049582,
        0.0012507280548287314,
        0.0011555336874894406,
        0.0006795243344159818,
        0.0007924406059478528,
        0.0006443895301873059,
        -0.0006980512970107267
    ],
    "long_entries": [
        [
            381,
            114992.01
        ],
        [
            534,
            116695.38
        ],
        [
            739,
            116089.6
        ],
        [
            790,
            116170.95
        ],
        [
            1399,
            115464.76
        ],
        [
            1419,
            115568.39
        ],
        [
            1588,
            115723.56
        ],
        [
            1689,
            115663.27
        ]
    ],
    "short_entries": [
        [
            0,
            116217.08
        ],
        [
            12,
            115948.71
        ],
        [
            590,
            117188.59
        ],
        [
            616,
            116586.76
        ],
        [
            689,
            115791.97
        ],
        [
            743,
            115800.29
        ],
        [
            799,
            116547.54
        ],
        [
            1198,
            116490.22
        ],
        [
            1263,
            115814.03
        ],
        [
            1272,
            115906.04
        ],
        [
            1277,
            116019.6
        ],
        [
            1279,
            115858.96
        ],
        [
            1915,
            115220.02
        ]
    ],
    "exits": [
        [
            11,
            115937.97
        ],
        [
            17,
            115679.32
        ],
        [
            398,
            115460.03
        ],
        [
            543,
            116417.97
        ],
        [
            594,
            117042.56
        ],
        [
            621,
            116411.75
        ],
        [
            716,
            115472.45
        ],
        [
            742,
            115788.37
        ],
        [
            750,
            115412.93
        ],
        [
            798,
            116549.99
        ],
        [
            819,
            116789.04
        ],
        [
            1215,
            116307.34
        ],
        [
            1268,
            116022.13
        ],
        [
            1274,
            116073.24
        ],
        [
            1278,
            115874.52
        ],
        [
            1283,
            115725.11
        ],
        [
            1401,
            115543.25
        ],
        [
            1430,
            115660.0
        ],
        [
            1594,
            115798.16
        ],
        [
            1699,
            115582.56
        ]
    ]
}