{
    "total_ret": [
        -0.0038380427826502084,
        -0.005382781037753359,
        0.004287927083021836,
        0.0022698856766997233,
        0.0031353923711313625,
        0.002476130817926192,
        -0.002163854873862947,
        -0.003209422907041626,
        -0.006595035524944004,
        -0.00573257219206913,
        -0.00787248374294569,
        -0.0033012292536972465,
        -0.006874254712944561,
        0.01863022069488285,
        0.02313048580943944,
        0.027238265130323347,
        0.008888275612178642,
        0.009125236194158282,
        -0.009794148273488346,
        0.008751312256290111,
        0.00829540339953927,
        -0.005102047674247268,
        -0.009254539409470075,
        0.007197641473973393,
        -0.007424766089377255,
        -0.005748729851254186,
        0.004929289588624819,
        -0.005483007949230734,
        -0.004898978712527091,
        -0.004589055481876159,
        -0.003977470145568263,
        -0.006371306757194883,
        0.0030871454120857678,
        0.0038273556118528784,
        0.002537861453877688,
        -0.003549472169849688,
        0.002582276889588786,
        0.006111775933658414,
        -0.003999834965032867,
        -0.00506714827304755,
        -0.006378648766900197,
        -0.0067011739548075155,
        0.006113642281550646,
        -0.004704187875438803,
        0.003389045139384095,
        -0.005264709872762285,
        -0.002384659589709459,
        0.003682584136644018
    ],
    "long_entries": [
        [
            59,
            122914.37
        ],
        [
            100,
            122630.01
        ],
        [
            127,
            122704.79
        ],
        [
            379,
            122782.67
        ],
        [
            384,
            121912.0
        ],
        [
            393,
            121291.25
        ],
        [
            633,
            121475.01
        ],
        [
            758,
            108250.0
        ],
        [
            764,
            112879.21
        ],
        [
            777,
            113575.29
        ],
        [
            788,
            113978.08
        ],
        [
            795,
            112110.49
        ],
        [
            805,
            112011.47
        ],
        [
            820,
            112212.0
        ],
        [
            824,
            113228.9
        ],
        [
            868,
            112670.02
        ],
        [
            872,
            112020.41
        ],
        [
            882,
            110690.35
        ],
        [
            897,
            111359.21
        ],
        [
            904,
            111753.91
        ],
        [
            1024,
            111391.53
        ],
        [
            1078,
            110650.0
        ],
        [
            1085,
            110339.98
        ],
        [
            1091,
            109815.45
        ],
        [
            1109,
            110545.65
        ],
        [
            1112,
            110093.66
        ]
    ],
    "short_entries": [
        [
            162,
            123759.92
        ],
        [
            175,
            123343.65
        ],
        [
            211,
            123350.01
        ],
        [
            323,
            121495.93
        ],
        [
            332,
            121732.0
        ],
        [
            343,
            122267.61
        ],
        [
            722,
            117532.63
        ],
        [
            754,
            114669.36
        ],
        [
            791,
            112605.73
        ],
        [
            811,
            111317.47
        ],
        [
            839,
            112225.1
        ],
        [
            852,
            112685.21
        ],
        [
            856,
            112013.67
        ],
        [
            893,
            110768.82
        ],
        [
            919,
            112034.46
        ],
        [
            927,
            111938.31
        ],
        [
            929,
            112279.98
        ],
        [
            988,
            111818.2
        ],
        [
            1047,
            110683.99
        ],
        [
            1132,
            111170.81
        ],
        [
            1138,
            111467.51
        ],
        [
            1152,
            111733.45
        ]
    ],
    "exits": [
        [
            84,
            122442.65
        ],
        [
            116,
            121969.95
        ],
        [
            132,
            123230.97
        ],
        [
            163,
            123479.03
        ],
        [
            178,
            122956.95
        ],
        [
            216,
            123044.61
        ],
        [
            331,
            121758.86
        ],
        [
            342,
            122122.72
        ],
        [
            362,
            123074.0
        ],
        [
            383,
            122078.84
        ],
        [
            392,
            120952.28
        ],
        [
            402,
            120890.87
        ],
        [
            682,
            120639.99
        ],
        [
            753,
            115343.0
        ],
        [
            757,
            112017.03
        ],
        [
            761,
            111198.57
        ],
        [
            776,
            113882.54
        ],
        [
            787,
            114611.72
        ],
        [
            790,
            112861.79
        ],
        [
            794,
            111620.31
        ],
        [
            800,
            113040.52
        ],
        [
            807,
            111440.01
        ],
        [
            819,
            112347.69
        ],
        [
            823,
            113019.69
        ],
        [
            828,
            112388.23
        ],
        [
            850,
            112870.28
        ],
        [
            855,
            112129.78
        ],
        [
            867,
            112627.87
        ],
        [
            871,
            112118.08
        ],
        [
            875,
            111506.37
        ],
        [
            886,
            110250.11
        ],
        [
            896,
            111474.59
        ],
        [
            903,
            111703.02
        ],
        [
            916,
            112181.66
        ],
        [
            926,
            111750.16
        ],
        [
            928,
            112335.66
        ],
        [
            965,
            111990.07
        ],
        [
            1023,
            111134.82
        ],
        [
            1031,
            110946.01
        ],
        [
            1062,
            111244.87
        ],
        [
            1084,
            109944.23
        ],
        [
            1090,
            109600.6
        ],
        [
            1108,
            110486.85
        ],
        [
            1111,
            110025.65
        ],
        [
            1116,
            110466.8
        ],
        [
            1136,
            111756.12
        ],
        [
            1150,
            111733.35
        ],
        [
            1186,
            111322.01
        ]
    ]
}